{
    "version" : "1.1.2",
    "project" : {
        "name" : "snake-build-build",
        "directory" : "/home/mrrobot1802/Documents/COMP3000/snake/project/project",
        "sources" : [
            "/home/mrrobot1802/Documents/COMP3000/snake/project/project/src/main/scala-2.12",
            "/home/mrrobot1802/Documents/COMP3000/snake/project/project/src/main/scala",
            "/home/mrrobot1802/Documents/COMP3000/snake/project/project/src/main/java",
            "/home/mrrobot1802/Documents/COMP3000/snake/project/project/src/main/scala-sbt-1.0",
            "/home/mrrobot1802/Documents/COMP3000/snake/project/project/target/scala-2.12/sbt-1.0/src_managed/main"
        ],
        "dependencies" : [
        ],
        "classpath" : [
            "/home/mrrobot1802/.ivy2/cache/scala_2.12/sbt_1.0/ch.epfl.scala/sbt-bloop/jars/sbt-bloop-1.4.3-23-550c6c0a.jar",
            "/home/mrrobot1802/.ivy2/cache/net.java.dev.jna/jna/jars/jna-4.5.0.jar",
            "/home/mrrobot1802/.ivy2/cache/net.java.dev.jna/jna-platform/jars/jna-platform-4.5.0.jar",
            "/home/mrrobot1802/.ivy2/cache/com.google.code.gson/gson/jars/gson-2.7.jar",
            "/home/mrrobot1802/.ivy2/cache/com.google.code.findbugs/jsr305/jars/jsr305-3.0.2.jar",
            "/home/mrrobot1802/.ivy2/cache/scala_2.12/sbt_1.0/org.scalameta/sbt-metals/jars/sbt-metals-0.6.1.jar",
            "/home/mrrobot1802/.sbt/boot/scala-2.12.7/lib/scala-library.jar",
            "/home/mrrobot1802/.ivy2/cache/org.scala-sbt/sbt/jars/sbt-1.2.8.jar",
            "/home/mrrobot1802/.ivy2/cache/org.scala-sbt/main_2.12/jars/main_2.12-1.2.8.jar",
            "/home/mrrobot1802/.ivy2/cache/org.scala-sbt/logic_2.12/jars/logic_2.12-1.2.8.jar",
            "/home/mrrobot1802/.ivy2/cache/org.scala-sbt/collections_2.12/jars/collections_2.12-1.2.8.jar",
            "/home/mrrobot1802/.ivy2/cache/com.eed3si9n/sjson-new-scalajson_2.12/jars/sjson-new-scalajson_2.12-0.8.2.jar",
            "/home/mrrobot1802/.ivy2/cache/com.eed3si9n/sjson-new-core_2.12/jars/sjson-new-core_2.12-0.8.2.jar",
            "/home/mrrobot1802/.ivy2/cache/com.eed3si9n/shaded-scalajson_2.12/jars/shaded-scalajson_2.12-1.0.0-M4.jar",
            "/home/mrrobot1802/.ivy2/cache/org.spire-math/jawn-parser_2.12/jars/jawn-parser_2.12-0.10.4.jar",
            "/home/mrrobot1802/.ivy2/cache/org.scala-sbt/util-position_2.12/jars/util-position_2.12-1.2.4.jar",
            "/home/mrrobot1802/.sbt/boot/scala-2.12.7/lib/scala-reflect.jar",
            "/home/mrrobot1802/.ivy2/cache/org.scala-sbt/util-relation_2.12/jars/util-relation_2.12-1.2.4.jar",
            "/home/mrrobot1802/.ivy2/cache/org.scala-sbt/actions_2.12/jars/actions_2.12-1.2.8.jar",
            "/home/mrrobot1802/.ivy2/cache/org.scala-sbt/completion_2.12/jars/completion_2.12-1.2.8.jar",
            "/home/mrrobot1802/.ivy2/cache/jline/jline/jars/jline-2.14.6.jar",
            "/home/mrrobot1802/.ivy2/cache/org.scala-sbt/io_2.12/jars/io_2.12-1.2.2.jar",
            "/home/mrrobot1802/.ivy2/cache/com.swoval/apple-file-events/jars/apple-file-events-1.3.2.jar",
            "/home/mrrobot1802/.ivy2/cache/org.scala-sbt/util-control_2.12/jars/util-control_2.12-1.2.4.jar",
            "/home/mrrobot1802/.ivy2/cache/org.scala-sbt/run_2.12/jars/run_2.12-1.2.8.jar",
            "/home/mrrobot1802/.ivy2/cache/org.scala-sbt/util-logging_2.12/jars/util-logging_2.12-1.2.4.jar",
            "/home/mrrobot1802/.ivy2/cache/org.scala-sbt/util-interface/jars/util-interface-1.2.4.jar",
            "/home/mrrobot1802/.ivy2/cache/org.apache.logging.log4j/log4j-api/jars/log4j-api-2.11.1.jar",
            "/home/mrrobot1802/.ivy2/cache/org.apache.logging.log4j/log4j-core/jars/log4j-core-2.11.1.jar",
            "/home/mrrobot1802/.ivy2/cache/com.lmax/disruptor/jars/disruptor-3.4.2.jar",
            "/home/mrrobot1802/.ivy2/cache/org.scala-sbt/zinc-classpath_2.12/jars/zinc-classpath_2.12-1.2.5.jar",
            "/home/mrrobot1802/.sbt/boot/scala-2.12.7/lib/scala-compiler.jar",
            "/home/mrrobot1802/.ivy2/cache/org.scala-lang.modules/scala-xml_2.12/bundles/scala-xml_2.12-1.0.6.jar",
            "/home/mrrobot1802/.ivy2/cache/org.scala-sbt/compiler-interface/jars/compiler-interface-1.2.5.jar",
            "/home/mrrobot1802/.ivy2/cache/org.scala-sbt/launcher-interface/jars/launcher-interface-1.0.4.jar",
            "/home/mrrobot1802/.ivy2/cache/org.scala-sbt/task-system_2.12/jars/task-system_2.12-1.2.8.jar",
            "/home/mrrobot1802/.ivy2/cache/org.scala-sbt/tasks_2.12/jars/tasks_2.12-1.2.8.jar",
            "/home/mrrobot1802/.ivy2/cache/org.scala-sbt/util-cache_2.12/jars/util-cache_2.12-1.2.4.jar",
            "/home/mrrobot1802/.ivy2/cache/com.eed3si9n/sjson-new-murmurhash_2.12/jars/sjson-new-murmurhash_2.12-0.8.2.jar",
            "/home/mrrobot1802/.ivy2/cache/org.scala-sbt/testing_2.12/jars/testing_2.12-1.2.8.jar",
            "/home/mrrobot1802/.ivy2/cache/org.scala-sbt/test-agent/jars/test-agent-1.2.8.jar",
            "/home/mrrobot1802/.ivy2/cache/org.scala-sbt/test-interface/jars/test-interface-1.0.jar",
            "/home/mrrobot1802/.ivy2/cache/org.scala-sbt/util-tracking_2.12/jars/util-tracking_2.12-1.2.4.jar",
            "/home/mrrobot1802/.ivy2/cache/org.scala-sbt/zinc-apiinfo_2.12/jars/zinc-apiinfo_2.12-1.2.5.jar",
            "/home/mrrobot1802/.ivy2/cache/org.scala-sbt/compiler-bridge_2.12/jars/compiler-bridge_2.12-1.2.5.jar",
            "/home/mrrobot1802/.ivy2/cache/org.scala-sbt/zinc-classfile_2.12/jars/zinc-classfile_2.12-1.2.5.jar",
            "/home/mrrobot1802/.ivy2/cache/org.scala-sbt/librarymanagement-core_2.12/jars/librarymanagement-core_2.12-1.2.4.jar",
            "/home/mrrobot1802/.ivy2/cache/com.jcraft/jsch/jars/jsch-0.1.54.jar",
            "/home/mrrobot1802/.ivy2/cache/com.eed3si9n/gigahorse-okhttp_2.12/jars/gigahorse-okhttp_2.12-0.3.0.jar",
            "/home/mrrobot1802/.ivy2/cache/com.eed3si9n/gigahorse-core_2.12/jars/gigahorse-core_2.12-0.3.0.jar",
            "/home/mrrobot1802/.ivy2/cache/com.typesafe/ssl-config-core_2.12/bundles/ssl-config-core_2.12-0.2.2.jar",
            "/home/mrrobot1802/.ivy2/cache/com.typesafe/config/bundles/config-1.2.0.jar",
            "/home/mrrobot1802/.ivy2/cache/org.reactivestreams/reactive-streams/jars/reactive-streams-1.0.0.jar",
            "/home/mrrobot1802/.ivy2/cache/org.slf4j/slf4j-api/jars/slf4j-api-1.7.25.jar",
            "/home/mrrobot1802/.ivy2/cache/com.squareup.okhttp3/okhttp/jars/okhttp-3.7.0.jar",
            "/home/mrrobot1802/.ivy2/cache/com.squareup.okio/okio/jars/okio-1.12.0.jar",
            "/home/mrrobot1802/.ivy2/cache/com.squareup.okhttp3/okhttp-urlconnection/jars/okhttp-urlconnection-3.7.0.jar",
            "/home/mrrobot1802/.ivy2/cache/org.scala-sbt/zinc-ivy-integration_2.12/jars/zinc-ivy-integration_2.12-1.2.5.jar",
            "/home/mrrobot1802/.ivy2/cache/org.scala-sbt/zinc-compile-core_2.12/jars/zinc-compile-core_2.12-1.2.5.jar",
            "/home/mrrobot1802/.ivy2/cache/org.scala-lang.modules/scala-parser-combinators_2.12/bundles/scala-parser-combinators_2.12-1.0.5.jar",
            "/home/mrrobot1802/.ivy2/cache/org.scala-sbt/zinc_2.12/jars/zinc_2.12-1.2.5.jar",
            "/home/mrrobot1802/.ivy2/cache/org.scala-sbt/zinc-core_2.12/jars/zinc-core_2.12-1.2.5.jar",
            "/home/mrrobot1802/.ivy2/cache/org.scala-sbt/zinc-persist_2.12/jars/zinc-persist_2.12-1.2.5.jar",
            "/home/mrrobot1802/.ivy2/cache/com.trueaccord.scalapb/scalapb-runtime_2.12/jars/scalapb-runtime_2.12-0.6.0.jar",
            "/home/mrrobot1802/.ivy2/cache/com.trueaccord.lenses/lenses_2.12/jars/lenses_2.12-0.4.12.jar",
            "/home/mrrobot1802/.ivy2/cache/com.lihaoyi/fastparse_2.12/jars/fastparse_2.12-0.4.2.jar",
            "/home/mrrobot1802/.ivy2/cache/com.lihaoyi/fastparse-utils_2.12/jars/fastparse-utils_2.12-0.4.2.jar",
            "/home/mrrobot1802/.ivy2/cache/com.lihaoyi/sourcecode_2.12/jars/sourcecode_2.12-0.1.3.jar",
            "/home/mrrobot1802/.ivy2/cache/com.google.protobuf/protobuf-java/bundles/protobuf-java-3.3.1.jar",
            "/home/mrrobot1802/.ivy2/cache/org.scala-sbt/sbinary_2.12/jars/sbinary_2.12-0.5.0.jar",
            "/home/mrrobot1802/.ivy2/cache/org.scala-sbt/main-settings_2.12/jars/main-settings_2.12-1.2.8.jar",
            "/home/mrrobot1802/.ivy2/cache/org.scala-sbt/command_2.12/jars/command_2.12-1.2.8.jar",
            "/home/mrrobot1802/.ivy2/cache/org.scala-sbt/protocol_2.12/jars/protocol_2.12-1.2.8.jar",
            "/home/mrrobot1802/.ivy2/cache/org.scala-sbt.ipcsocket/ipcsocket/jars/ipcsocket-1.0.0.jar",
            "/home/mrrobot1802/.ivy2/cache/org.scala-sbt/template-resolver/jars/template-resolver-0.1.jar",
            "/home/mrrobot1802/.ivy2/cache/org.scala-sbt/core-macros_2.12/jars/core-macros_2.12-1.2.8.jar",
            "/home/mrrobot1802/.ivy2/cache/org.scala-sbt/scripted-sbt-redux_2.12/jars/scripted-sbt-redux_2.12-1.2.8.jar",
            "/home/mrrobot1802/.ivy2/cache/org.scala-sbt/util-scripted_2.12/jars/util-scripted_2.12-1.2.4.jar",
            "/home/mrrobot1802/.ivy2/cache/org.scala-sbt/scripted-plugin_2.12/jars/scripted-plugin_2.12-1.2.8.jar",
            "/home/mrrobot1802/.ivy2/cache/org.apache.logging.log4j/log4j-slf4j-impl/jars/log4j-slf4j-impl-2.11.1.jar",
            "/home/mrrobot1802/.ivy2/cache/com.github.cb372/scalacache-caffeine_2.12/jars/scalacache-caffeine_2.12-0.20.0.jar",
            "/home/mrrobot1802/.ivy2/cache/com.github.cb372/scalacache-core_2.12/jars/scalacache-core_2.12-0.20.0.jar",
            "/home/mrrobot1802/.ivy2/cache/com.github.ben-manes.caffeine/caffeine/jars/caffeine-2.5.6.jar",
            "/home/mrrobot1802/.ivy2/cache/org.scala-sbt/librarymanagement-ivy_2.12/jars/librarymanagement-ivy_2.12-1.2.4.jar",
            "/home/mrrobot1802/.ivy2/cache/org.scala-sbt.ivy/ivy/jars/ivy-2.3.0-sbt-cb9cc189e9f3af519f9f102e6c5d446488ff6832.jar",
            "/home/mrrobot1802/.ivy2/cache/org.scala-sbt/zinc-compile_2.12/jars/zinc-compile_2.12-1.2.5.jar"
        ],
        "out" : "/home/mrrobot1802/Documents/COMP3000/snake/project/project/.bloop/snake-build-build",
        "classesDir" : "/home/mrrobot1802/Documents/COMP3000/snake/project/project/.bloop/snake-build-build/scala-2.12/sbt-1.0/classes",
        "resources" : [
            "/home/mrrobot1802/Documents/COMP3000/snake/project/project/src/main/resources",
            "/home/mrrobot1802/Documents/COMP3000/snake/project/project/target/scala-2.12/sbt-1.0/resource_managed/main"
        ],
        "scala" : {
            "organization" : "org.scala-lang",
            "name" : "scala-compiler",
            "version" : "2.12.7",
            "options" : [
                "-deprecation"
            ],
            "jars" : [
                "/home/mrrobot1802/.sbt/boot/scala-2.12.7/lib/scala-compiler.jar",
                "/home/mrrobot1802/.sbt/boot/scala-2.12.7/lib/scala-xml_2.12.jar",
                "/home/mrrobot1802/.sbt/boot/scala-2.12.7/lib/scala-reflect.jar",
                "/home/mrrobot1802/.sbt/boot/scala-2.12.7/lib/jline.jar",
                "/home/mrrobot1802/.sbt/boot/scala-2.12.7/lib/scala-library.jar"
            ],
            "setup" : {
                "order" : "mixed",
                "addLibraryToBootClasspath" : true,
                "addCompilerToClasspath" : false,
                "addExtraJarsToClasspath" : false,
                "manageBootClasspath" : true,
                "filterLibraryFromClasspath" : true
            }
        },
        "java" : {
            "options" : [
            ]
        },
        "sbt" : {
            "sbtVersion" : "1.2.8",
            "autoImports" : [
                "import _root_.scala.xml.{TopScope=>$scope}",
                "import _root_.sbt._",
                "import _root_.sbt.Keys._",
                "import _root_.sbt.ScriptedPlugin.autoImport._, _root_.bloop.integrations.sbt.BloopPlugin.autoImport._",
                "import _root_.sbt.plugins.IvyPlugin, _root_.sbt.plugins.JvmPlugin, _root_.sbt.plugins.CorePlugin, _root_.sbt.ScriptedPlugin, _root_.sbt.plugins.SbtPlugin, _root_.sbt.plugins.JUnitXmlReportPlugin, _root_.sbt.plugins.Giter8TemplatePlugin, _root_.scala.meta.metals.MetalsPlugin, _root_.bloop.integrations.sbt.BloopPlugin"
            ]
        },
        "test" : {
            "frameworks" : [
                {
                    "names" : [
                        "org.scalacheck.ScalaCheckFramework"
                    ]
                },
                {
                    "names" : [
                        "org.specs2.runner.Specs2Framework",
                        "org.specs2.runner.SpecsFramework"
                    ]
                },
                {
                    "names" : [
                        "org.specs.runner.SpecsFramework"
                    ]
                },
                {
                    "names" : [
                        "org.scalatest.tools.Framework",
                        "org.scalatest.tools.ScalaTestFramework"
                    ]
                },
                {
                    "names" : [
                        "com.novocode.junit.JUnitFramework"
                    ]
                }
            ],
            "options" : {
                "excludes" : [
                ],
                "arguments" : [
                ]
            }
        },
        "platform" : {
            "name" : "jvm",
            "config" : {
                "home" : "/usr/lib/jvm/java-11-openjdk-amd64",
                "options" : [
                ]
            },
            "mainClass" : [
            ]
        },
        "resolution" : {
            "modules" : [
                {
                    "organization" : "org.scalameta",
                    "name" : "sbt-metals",
                    "version" : "0.6.1",
                    "artifacts" : [
                        {
                            "name" : "sbt-metals",
                            "path" : "/home/mrrobot1802/.ivy2/cache/scala_2.12/sbt_1.0/org.scalameta/sbt-metals/jars/sbt-metals-0.6.1.jar"
                        }
                    ]
                },
                {
                    "organization" : "ch.epfl.scala",
                    "name" : "sbt-bloop",
                    "version" : "1.4.3-23-550c6c0a",
                    "artifacts" : [
                        {
                            "name" : "sbt-bloop",
                            "path" : "/home/mrrobot1802/.ivy2/cache/scala_2.12/sbt_1.0/ch.epfl.scala/sbt-bloop/jars/sbt-bloop-1.4.3-23-550c6c0a.jar"
                        }
                    ]
                },
                {
                    "organization" : "net.java.dev.jna",
                    "name" : "jna",
                    "version" : "4.5.0",
                    "artifacts" : [
                        {
                            "name" : "jna",
                            "path" : "/home/mrrobot1802/.ivy2/cache/net.java.dev.jna/jna/jars/jna-4.5.0.jar"
                        }
                    ]
                },
                {
                    "organization" : "net.java.dev.jna",
                    "name" : "jna-platform",
                    "version" : "4.5.0",
                    "artifacts" : [
                        {
                            "name" : "jna-platform",
                            "path" : "/home/mrrobot1802/.ivy2/cache/net.java.dev.jna/jna-platform/jars/jna-platform-4.5.0.jar"
                        }
                    ]
                },
                {
                    "organization" : "com.google.code.gson",
                    "name" : "gson",
                    "version" : "2.7",
                    "artifacts" : [
                        {
                            "name" : "gson",
                            "path" : "/home/mrrobot1802/.ivy2/cache/com.google.code.gson/gson/jars/gson-2.7.jar"
                        }
                    ]
                },
                {
                    "organization" : "com.google.code.findbugs",
                    "name" : "jsr305",
                    "version" : "3.0.2",
                    "artifacts" : [
                        {
                            "name" : "jsr305",
                            "path" : "/home/mrrobot1802/.ivy2/cache/com.google.code.findbugs/jsr305/jars/jsr305-3.0.2.jar"
                        }
                    ]
                },
                {
                    "organization" : "org.scala-lang",
                    "name" : "scala-library",
                    "version" : "2.12.7",
                    "artifacts" : [
                        {
                            "name" : "scala-library",
                            "path" : "/home/mrrobot1802/.sbt/boot/scala-2.12.7/lib/scala-library.jar"
                        }
                    ]
                },
                {
                    "organization" : "org.scala-sbt",
                    "name" : "sbt",
                    "version" : "1.2.8",
                    "artifacts" : [
                        {
                            "name" : "sbt",
                            "path" : "/home/mrrobot1802/.ivy2/cache/org.scala-sbt/sbt/jars/sbt-1.2.8.jar"
                        }
                    ]
                },
                {
                    "organization" : "org.scala-sbt",
                    "name" : "main_2.12",
                    "version" : "1.2.8",
                    "artifacts" : [
                        {
                            "name" : "main_2.12",
                            "path" : "/home/mrrobot1802/.ivy2/cache/org.scala-sbt/main_2.12/jars/main_2.12-1.2.8.jar"
                        }
                    ]
                },
                {
                    "organization" : "org.scala-sbt",
                    "name" : "logic_2.12",
                    "version" : "1.2.8",
                    "artifacts" : [
                        {
                            "name" : "logic_2.12",
                            "path" : "/home/mrrobot1802/.ivy2/cache/org.scala-sbt/logic_2.12/jars/logic_2.12-1.2.8.jar"
                        }
                    ]
                },
                {
                    "organization" : "org.scala-sbt",
                    "name" : "collections_2.12",
                    "version" : "1.2.8",
                    "artifacts" : [
                        {
                            "name" : "collections_2.12",
                            "path" : "/home/mrrobot1802/.ivy2/cache/org.scala-sbt/collections_2.12/jars/collections_2.12-1.2.8.jar"
                        }
                    ]
                },
                {
                    "organization" : "com.eed3si9n",
                    "name" : "sjson-new-scalajson_2.12",
                    "version" : "0.8.2",
                    "artifacts" : [
                        {
                            "name" : "sjson-new-scalajson_2.12",
                            "path" : "/home/mrrobot1802/.ivy2/cache/com.eed3si9n/sjson-new-scalajson_2.12/jars/sjson-new-scalajson_2.12-0.8.2.jar"
                        }
                    ]
                },
                {
                    "organization" : "com.eed3si9n",
                    "name" : "sjson-new-core_2.12",
                    "version" : "0.8.2",
                    "artifacts" : [
                        {
                            "name" : "sjson-new-core_2.12",
                            "path" : "/home/mrrobot1802/.ivy2/cache/com.eed3si9n/sjson-new-core_2.12/jars/sjson-new-core_2.12-0.8.2.jar"
                        }
                    ]
                },
                {
                    "organization" : "com.eed3si9n",
                    "name" : "shaded-scalajson_2.12",
                    "version" : "1.0.0-M4",
                    "artifacts" : [
                        {
                            "name" : "shaded-scalajson_2.12",
                            "path" : "/home/mrrobot1802/.ivy2/cache/com.eed3si9n/shaded-scalajson_2.12/jars/shaded-scalajson_2.12-1.0.0-M4.jar"
                        }
                    ]
                },
                {
                    "organization" : "org.spire-math",
                    "name" : "jawn-parser_2.12",
                    "version" : "0.10.4",
                    "artifacts" : [
                        {
                            "name" : "jawn-parser_2.12",
                            "path" : "/home/mrrobot1802/.ivy2/cache/org.spire-math/jawn-parser_2.12/jars/jawn-parser_2.12-0.10.4.jar"
                        }
                    ]
                },
                {
                    "organization" : "org.scala-sbt",
                    "name" : "util-position_2.12",
                    "version" : "1.2.4",
                    "artifacts" : [
                        {
                            "name" : "util-position_2.12",
                            "path" : "/home/mrrobot1802/.ivy2/cache/org.scala-sbt/util-position_2.12/jars/util-position_2.12-1.2.4.jar"
                        }
                    ]
                },
                {
                    "organization" : "org.scala-lang",
                    "name" : "scala-reflect",
                    "version" : "2.12.7",
                    "artifacts" : [
                        {
                            "name" : "scala-reflect",
                            "path" : "/home/mrrobot1802/.sbt/boot/scala-2.12.7/lib/scala-reflect.jar"
                        }
                    ]
                },
                {
                    "organization" : "org.scala-sbt",
                    "name" : "util-relation_2.12",
                    "version" : "1.2.4",
                    "artifacts" : [
                        {
                            "name" : "util-relation_2.12",
                            "path" : "/home/mrrobot1802/.ivy2/cache/org.scala-sbt/util-relation_2.12/jars/util-relation_2.12-1.2.4.jar"
                        }
                    ]
                },
                {
                    "organization" : "org.scala-sbt",
                    "name" : "actions_2.12",
                    "version" : "1.2.8",
                    "artifacts" : [
                        {
                            "name" : "actions_2.12",
                            "path" : "/home/mrrobot1802/.ivy2/cache/org.scala-sbt/actions_2.12/jars/actions_2.12-1.2.8.jar"
                        }
                    ]
                },
                {
                    "organization" : "org.scala-sbt",
                    "name" : "completion_2.12",
                    "version" : "1.2.8",
                    "artifacts" : [
                        {
                            "name" : "completion_2.12",
                            "path" : "/home/mrrobot1802/.ivy2/cache/org.scala-sbt/completion_2.12/jars/completion_2.12-1.2.8.jar"
                        }
                    ]
                },
                {
                    "organization" : "jline",
                    "name" : "jline",
                    "version" : "2.14.6",
                    "artifacts" : [
                        {
                            "name" : "jline",
                            "path" : "/home/mrrobot1802/.ivy2/cache/jline/jline/jars/jline-2.14.6.jar"
                        }
                    ]
                },
                {
                    "organization" : "org.scala-sbt",
                    "name" : "io_2.12",
                    "version" : "1.2.2",
                    "artifacts" : [
                        {
                            "name" : "io_2.12",
                            "path" : "/home/mrrobot1802/.ivy2/cache/org.scala-sbt/io_2.12/jars/io_2.12-1.2.2.jar"
                        }
                    ]
                },
                {
                    "organization" : "com.swoval",
                    "name" : "apple-file-events",
                    "version" : "1.3.2",
                    "artifacts" : [
                        {
                            "name" : "apple-file-events",
                            "path" : "/home/mrrobot1802/.ivy2/cache/com.swoval/apple-file-events/jars/apple-file-events-1.3.2.jar"
                        }
                    ]
                },
                {
                    "organization" : "org.scala-sbt",
                    "name" : "util-control_2.12",
                    "version" : "1.2.4",
                    "artifacts" : [
                        {
                            "name" : "util-control_2.12",
                            "path" : "/home/mrrobot1802/.ivy2/cache/org.scala-sbt/util-control_2.12/jars/util-control_2.12-1.2.4.jar"
                        }
                    ]
                },
                {
                    "organization" : "org.scala-sbt",
                    "name" : "run_2.12",
                    "version" : "1.2.8",
                    "artifacts" : [
                        {
                            "name" : "run_2.12",
                            "path" : "/home/mrrobot1802/.ivy2/cache/org.scala-sbt/run_2.12/jars/run_2.12-1.2.8.jar"
                        }
                    ]
                },
                {
                    "organization" : "org.scala-sbt",
                    "name" : "util-logging_2.12",
                    "version" : "1.2.4",
                    "artifacts" : [
                        {
                            "name" : "util-logging_2.12",
                            "path" : "/home/mrrobot1802/.ivy2/cache/org.scala-sbt/util-logging_2.12/jars/util-logging_2.12-1.2.4.jar"
                        }
                    ]
                },
                {
                    "organization" : "org.scala-sbt",
                    "name" : "util-interface",
                    "version" : "1.2.4",
                    "artifacts" : [
                        {
                            "name" : "util-interface",
                            "path" : "/home/mrrobot1802/.ivy2/cache/org.scala-sbt/util-interface/jars/util-interface-1.2.4.jar"
                        }
                    ]
                },
                {
                    "organization" : "org.apache.logging.log4j",
                    "name" : "log4j-api",
                    "version" : "2.11.1",
                    "artifacts" : [
                        {
                            "name" : "log4j-api",
                            "path" : "/home/mrrobot1802/.ivy2/cache/org.apache.logging.log4j/log4j-api/jars/log4j-api-2.11.1.jar"
                        }
                    ]
                },
                {
                    "organization" : "org.apache.logging.log4j",
                    "name" : "log4j-core",
                    "version" : "2.11.1",
                    "artifacts" : [
                        {
                            "name" : "log4j-core",
                            "path" : "/home/mrrobot1802/.ivy2/cache/org.apache.logging.log4j/log4j-core/jars/log4j-core-2.11.1.jar"
                        },
                        {
                            "name" : "log4j-core",
                            "classifier" : "tests",
                            "path" : "/home/mrrobot1802/.ivy2/cache/org.apache.logging.log4j/log4j-core/test-jars/log4j-core-2.11.1-tests.jar"
                        }
                    ]
                },
                {
                    "organization" : "com.lmax",
                    "name" : "disruptor",
                    "version" : "3.4.2",
                    "artifacts" : [
                        {
                            "name" : "disruptor",
                            "path" : "/home/mrrobot1802/.ivy2/cache/com.lmax/disruptor/jars/disruptor-3.4.2.jar"
                        }
                    ]
                },
                {
                    "organization" : "org.scala-sbt",
                    "name" : "zinc-classpath_2.12",
                    "version" : "1.2.5",
                    "artifacts" : [
                        {
                            "name" : "zinc-classpath_2.12",
                            "path" : "/home/mrrobot1802/.ivy2/cache/org.scala-sbt/zinc-classpath_2.12/jars/zinc-classpath_2.12-1.2.5.jar"
                        }
                    ]
                },
                {
                    "organization" : "org.scala-lang",
                    "name" : "scala-compiler",
                    "version" : "2.12.7",
                    "artifacts" : [
                        {
                            "name" : "scala-compiler",
                            "path" : "/home/mrrobot1802/.sbt/boot/scala-2.12.7/lib/scala-compiler.jar"
                        }
                    ]
                },
                {
                    "organization" : "org.scala-lang.modules",
                    "name" : "scala-xml_2.12",
                    "version" : "1.0.6",
                    "artifacts" : [
                        {
                            "name" : "scala-xml_2.12",
                            "path" : "/home/mrrobot1802/.ivy2/cache/org.scala-lang.modules/scala-xml_2.12/bundles/scala-xml_2.12-1.0.6.jar"
                        }
                    ]
                },
                {
                    "organization" : "org.scala-sbt",
                    "name" : "compiler-interface",
                    "version" : "1.2.5",
                    "artifacts" : [
                        {
                            "name" : "compiler-interface",
                            "path" : "/home/mrrobot1802/.ivy2/cache/org.scala-sbt/compiler-interface/jars/compiler-interface-1.2.5.jar"
                        }
                    ]
                },
                {
                    "organization" : "org.scala-sbt",
                    "name" : "task-system_2.12",
                    "version" : "1.2.8",
                    "artifacts" : [
                        {
                            "name" : "task-system_2.12",
                            "path" : "/home/mrrobot1802/.ivy2/cache/org.scala-sbt/task-system_2.12/jars/task-system_2.12-1.2.8.jar"
                        }
                    ]
                },
                {
                    "organization" : "org.scala-sbt",
                    "name" : "tasks_2.12",
                    "version" : "1.2.8",
                    "artifacts" : [
                        {
                            "name" : "tasks_2.12",
                            "path" : "/home/mrrobot1802/.ivy2/cache/org.scala-sbt/tasks_2.12/jars/tasks_2.12-1.2.8.jar"
                        }
                    ]
                },
                {
                    "organization" : "org.scala-sbt",
                    "name" : "util-cache_2.12",
                    "version" : "1.2.4",
                    "artifacts" : [
                        {
                            "name" : "util-cache_2.12",
                            "path" : "/home/mrrobot1802/.ivy2/cache/org.scala-sbt/util-cache_2.12/jars/util-cache_2.12-1.2.4.jar"
                        }
                    ]
                },
                {
                    "organization" : "com.eed3si9n",
                    "name" : "sjson-new-murmurhash_2.12",
                    "version" : "0.8.2",
                    "artifacts" : [
                        {
                            "name" : "sjson-new-murmurhash_2.12",
                            "path" : "/home/mrrobot1802/.ivy2/cache/com.eed3si9n/sjson-new-murmurhash_2.12/jars/sjson-new-murmurhash_2.12-0.8.2.jar"
                        }
                    ]
                },
                {
                    "organization" : "org.scala-sbt",
                    "name" : "testing_2.12",
                    "version" : "1.2.8",
                    "artifacts" : [
                        {
                            "name" : "testing_2.12",
                            "path" : "/home/mrrobot1802/.ivy2/cache/org.scala-sbt/testing_2.12/jars/testing_2.12-1.2.8.jar"
                        }
                    ]
                },
                {
                    "organization" : "org.scala-sbt",
                    "name" : "test-agent",
                    "version" : "1.2.8",
                    "artifacts" : [
                        {
                            "name" : "test-agent",
                            "path" : "/home/mrrobot1802/.ivy2/cache/org.scala-sbt/test-agent/jars/test-agent-1.2.8.jar"
                        }
                    ]
                },
                {
                    "organization" : "org.scala-sbt",
                    "name" : "test-interface",
                    "version" : "1.0",
                    "artifacts" : [
                        {
                            "name" : "test-interface",
                            "path" : "/home/mrrobot1802/.ivy2/cache/org.scala-sbt/test-interface/jars/test-interface-1.0.jar"
                        }
                    ]
                },
                {
                    "organization" : "org.scala-sbt",
                    "name" : "launcher-interface",
                    "version" : "1.0.4",
                    "artifacts" : [
                        {
                            "name" : "launcher-interface",
                            "path" : "/home/mrrobot1802/.ivy2/cache/org.scala-sbt/launcher-interface/jars/launcher-interface-1.0.4.jar"
                        }
                    ]
                },
                {
                    "organization" : "org.scala-sbt",
                    "name" : "util-tracking_2.12",
                    "version" : "1.2.4",
                    "artifacts" : [
                        {
                            "name" : "util-tracking_2.12",
                            "path" : "/home/mrrobot1802/.ivy2/cache/org.scala-sbt/util-tracking_2.12/jars/util-tracking_2.12-1.2.4.jar"
                        }
                    ]
                },
                {
                    "organization" : "org.scala-sbt",
                    "name" : "zinc-apiinfo_2.12",
                    "version" : "1.2.5",
                    "artifacts" : [
                        {
                            "name" : "zinc-apiinfo_2.12",
                            "path" : "/home/mrrobot1802/.ivy2/cache/org.scala-sbt/zinc-apiinfo_2.12/jars/zinc-apiinfo_2.12-1.2.5.jar"
                        }
                    ]
                },
                {
                    "organization" : "org.scala-sbt",
                    "name" : "compiler-bridge_2.12",
                    "version" : "1.2.5",
                    "artifacts" : [
                        {
                            "name" : "compiler-bridge_2.12",
                            "path" : "/home/mrrobot1802/.ivy2/cache/org.scala-sbt/compiler-bridge_2.12/jars/compiler-bridge_2.12-1.2.5.jar"
                        }
                    ]
                },
                {
                    "organization" : "org.scala-sbt",
                    "name" : "zinc-classfile_2.12",
                    "version" : "1.2.5",
                    "artifacts" : [
                        {
                            "name" : "zinc-classfile_2.12",
                            "path" : "/home/mrrobot1802/.ivy2/cache/org.scala-sbt/zinc-classfile_2.12/jars/zinc-classfile_2.12-1.2.5.jar"
                        }
                    ]
                },
                {
                    "organization" : "org.scala-sbt",
                    "name" : "librarymanagement-core_2.12",
                    "version" : "1.2.4",
                    "artifacts" : [
                        {
                            "name" : "librarymanagement-core_2.12",
                            "path" : "/home/mrrobot1802/.ivy2/cache/org.scala-sbt/librarymanagement-core_2.12/jars/librarymanagement-core_2.12-1.2.4.jar"
                        }
                    ]
                },
                {
                    "organization" : "com.jcraft",
                    "name" : "jsch",
                    "version" : "0.1.54",
                    "artifacts" : [
                        {
                            "name" : "jsch",
                            "path" : "/home/mrrobot1802/.ivy2/cache/com.jcraft/jsch/jars/jsch-0.1.54.jar"
                        }
                    ]
                },
                {
                    "organization" : "com.eed3si9n",
                    "name" : "gigahorse-okhttp_2.12",
                    "version" : "0.3.0",
                    "artifacts" : [
                        {
                            "name" : "gigahorse-okhttp_2.12",
                            "path" : "/home/mrrobot1802/.ivy2/cache/com.eed3si9n/gigahorse-okhttp_2.12/jars/gigahorse-okhttp_2.12-0.3.0.jar"
                        }
                    ]
                },
                {
                    "organization" : "com.eed3si9n",
                    "name" : "gigahorse-core_2.12",
                    "version" : "0.3.0",
                    "artifacts" : [
                        {
                            "name" : "gigahorse-core_2.12",
                            "path" : "/home/mrrobot1802/.ivy2/cache/com.eed3si9n/gigahorse-core_2.12/jars/gigahorse-core_2.12-0.3.0.jar"
                        }
                    ]
                },
                {
                    "organization" : "com.typesafe",
                    "name" : "ssl-config-core_2.12",
                    "version" : "0.2.2",
                    "artifacts" : [
                        {
                            "name" : "ssl-config-core_2.12",
                            "path" : "/home/mrrobot1802/.ivy2/cache/com.typesafe/ssl-config-core_2.12/bundles/ssl-config-core_2.12-0.2.2.jar"
                        }
                    ]
                },
                {
                    "organization" : "com.typesafe",
                    "name" : "config",
                    "version" : "1.2.0",
                    "artifacts" : [
                        {
                            "name" : "config",
                            "path" : "/home/mrrobot1802/.ivy2/cache/com.typesafe/config/bundles/config-1.2.0.jar"
                        }
                    ]
                },
                {
                    "organization" : "org.reactivestreams",
                    "name" : "reactive-streams",
                    "version" : "1.0.0",
                    "artifacts" : [
                        {
                            "name" : "reactive-streams",
                            "path" : "/home/mrrobot1802/.ivy2/cache/org.reactivestreams/reactive-streams/jars/reactive-streams-1.0.0.jar"
                        }
                    ]
                },
                {
                    "organization" : "org.slf4j",
                    "name" : "slf4j-api",
                    "version" : "1.7.25",
                    "artifacts" : [
                        {
                            "name" : "slf4j-api",
                            "path" : "/home/mrrobot1802/.ivy2/cache/org.slf4j/slf4j-api/jars/slf4j-api-1.7.25.jar"
                        }
                    ]
                },
                {
                    "organization" : "com.squareup.okhttp3",
                    "name" : "okhttp",
                    "version" : "3.7.0",
                    "artifacts" : [
                        {
                            "name" : "okhttp",
                            "path" : "/home/mrrobot1802/.ivy2/cache/com.squareup.okhttp3/okhttp/jars/okhttp-3.7.0.jar"
                        }
                    ]
                },
                {
                    "organization" : "com.squareup.okio",
                    "name" : "okio",
                    "version" : "1.12.0",
                    "artifacts" : [
                        {
                            "name" : "okio",
                            "path" : "/home/mrrobot1802/.ivy2/cache/com.squareup.okio/okio/jars/okio-1.12.0.jar"
                        }
                    ]
                },
                {
                    "organization" : "com.squareup.okhttp3",
                    "name" : "okhttp-urlconnection",
                    "version" : "3.7.0",
                    "artifacts" : [
                        {
                            "name" : "okhttp-urlconnection",
                            "path" : "/home/mrrobot1802/.ivy2/cache/com.squareup.okhttp3/okhttp-urlconnection/jars/okhttp-urlconnection-3.7.0.jar"
                        }
                    ]
                },
                {
                    "organization" : "org.scala-sbt",
                    "name" : "zinc-ivy-integration_2.12",
                    "version" : "1.2.5",
                    "artifacts" : [
                        {
                            "name" : "zinc-ivy-integration_2.12",
                            "path" : "/home/mrrobot1802/.ivy2/cache/org.scala-sbt/zinc-ivy-integration_2.12/jars/zinc-ivy-integration_2.12-1.2.5.jar"
                        }
                    ]
                },
                {
                    "organization" : "org.scala-sbt",
                    "name" : "zinc-compile-core_2.12",
                    "version" : "1.2.5",
                    "artifacts" : [
                        {
                            "name" : "zinc-compile-core_2.12",
                            "path" : "/home/mrrobot1802/.ivy2/cache/org.scala-sbt/zinc-compile-core_2.12/jars/zinc-compile-core_2.12-1.2.5.jar"
                        }
                    ]
                },
                {
                    "organization" : "org.scala-lang.modules",
                    "name" : "scala-parser-combinators_2.12",
                    "version" : "1.0.5",
                    "artifacts" : [
                        {
                            "name" : "scala-parser-combinators_2.12",
                            "path" : "/home/mrrobot1802/.ivy2/cache/org.scala-lang.modules/scala-parser-combinators_2.12/bundles/scala-parser-combinators_2.12-1.0.5.jar"
                        }
                    ]
                },
                {
                    "organization" : "org.scala-sbt",
                    "name" : "zinc_2.12",
                    "version" : "1.2.5",
                    "artifacts" : [
                        {
                            "name" : "zinc_2.12",
                            "path" : "/home/mrrobot1802/.ivy2/cache/org.scala-sbt/zinc_2.12/jars/zinc_2.12-1.2.5.jar"
                        }
                    ]
                },
                {
                    "organization" : "org.scala-sbt",
                    "name" : "zinc-core_2.12",
                    "version" : "1.2.5",
                    "artifacts" : [
                        {
                            "name" : "zinc-core_2.12",
                            "path" : "/home/mrrobot1802/.ivy2/cache/org.scala-sbt/zinc-core_2.12/jars/zinc-core_2.12-1.2.5.jar"
                        }
                    ]
                },
                {
                    "organization" : "org.scala-sbt",
                    "name" : "zinc-persist_2.12",
                    "version" : "1.2.5",
                    "artifacts" : [
                        {
                            "name" : "zinc-persist_2.12",
                            "path" : "/home/mrrobot1802/.ivy2/cache/org.scala-sbt/zinc-persist_2.12/jars/zinc-persist_2.12-1.2.5.jar"
                        }
                    ]
                },
                {
                    "organization" : "com.trueaccord.scalapb",
                    "name" : "scalapb-runtime_2.12",
                    "version" : "0.6.0",
                    "artifacts" : [
                        {
                            "name" : "scalapb-runtime_2.12",
                            "path" : "/home/mrrobot1802/.ivy2/cache/com.trueaccord.scalapb/scalapb-runtime_2.12/jars/scalapb-runtime_2.12-0.6.0.jar"
                        }
                    ]
                },
                {
                    "organization" : "com.trueaccord.lenses",
                    "name" : "lenses_2.12",
                    "version" : "0.4.12",
                    "artifacts" : [
                        {
                            "name" : "lenses_2.12",
                            "path" : "/home/mrrobot1802/.ivy2/cache/com.trueaccord.lenses/lenses_2.12/jars/lenses_2.12-0.4.12.jar"
                        }
                    ]
                },
                {
                    "organization" : "com.lihaoyi",
                    "name" : "fastparse_2.12",
                    "version" : "0.4.2",
                    "artifacts" : [
                        {
                            "name" : "fastparse_2.12",
                            "path" : "/home/mrrobot1802/.ivy2/cache/com.lihaoyi/fastparse_2.12/jars/fastparse_2.12-0.4.2.jar"
                        }
                    ]
                },
                {
                    "organization" : "com.lihaoyi",
                    "name" : "fastparse-utils_2.12",
                    "version" : "0.4.2",
                    "artifacts" : [
                        {
                            "name" : "fastparse-utils_2.12",
                            "path" : "/home/mrrobot1802/.ivy2/cache/com.lihaoyi/fastparse-utils_2.12/jars/fastparse-utils_2.12-0.4.2.jar"
                        }
                    ]
                },
                {
                    "organization" : "com.lihaoyi",
                    "name" : "sourcecode_2.12",
                    "version" : "0.1.3",
                    "artifacts" : [
                        {
                            "name" : "sourcecode_2.12",
                            "path" : "/home/mrrobot1802/.ivy2/cache/com.lihaoyi/sourcecode_2.12/jars/sourcecode_2.12-0.1.3.jar"
                        }
                    ]
                },
                {
                    "organization" : "com.google.protobuf",
                    "name" : "protobuf-java",
                    "version" : "3.3.1",
                    "artifacts" : [
                        {
                            "name" : "protobuf-java",
                            "path" : "/home/mrrobot1802/.ivy2/cache/com.google.protobuf/protobuf-java/bundles/protobuf-java-3.3.1.jar"
                        }
                    ]
                },
                {
                    "organization" : "org.scala-sbt",
                    "name" : "sbinary_2.12",
                    "version" : "0.5.0",
                    "artifacts" : [
                        {
                            "name" : "sbinary_2.12",
                            "path" : "/home/mrrobot1802/.ivy2/cache/org.scala-sbt/sbinary_2.12/jars/sbinary_2.12-0.5.0.jar"
                        }
                    ]
                },
                {
                    "organization" : "org.scala-sbt",
                    "name" : "main-settings_2.12",
                    "version" : "1.2.8",
                    "artifacts" : [
                        {
                            "name" : "main-settings_2.12",
                            "path" : "/home/mrrobot1802/.ivy2/cache/org.scala-sbt/main-settings_2.12/jars/main-settings_2.12-1.2.8.jar"
                        }
                    ]
                },
                {
                    "organization" : "org.scala-sbt",
                    "name" : "command_2.12",
                    "version" : "1.2.8",
                    "artifacts" : [
                        {
                            "name" : "command_2.12",
                            "path" : "/home/mrrobot1802/.ivy2/cache/org.scala-sbt/command_2.12/jars/command_2.12-1.2.8.jar"
                        }
                    ]
                },
                {
                    "organization" : "org.scala-sbt",
                    "name" : "protocol_2.12",
                    "version" : "1.2.8",
                    "artifacts" : [
                        {
                            "name" : "protocol_2.12",
                            "path" : "/home/mrrobot1802/.ivy2/cache/org.scala-sbt/protocol_2.12/jars/protocol_2.12-1.2.8.jar"
                        }
                    ]
                },
                {
                    "organization" : "org.scala-sbt.ipcsocket",
                    "name" : "ipcsocket",
                    "version" : "1.0.0",
                    "artifacts" : [
                        {
                            "name" : "ipcsocket",
                            "path" : "/home/mrrobot1802/.ivy2/cache/org.scala-sbt.ipcsocket/ipcsocket/jars/ipcsocket-1.0.0.jar"
                        }
                    ]
                },
                {
                    "organization" : "org.scala-sbt",
                    "name" : "template-resolver",
                    "version" : "0.1",
                    "artifacts" : [
                        {
                            "name" : "template-resolver",
                            "path" : "/home/mrrobot1802/.ivy2/cache/org.scala-sbt/template-resolver/jars/template-resolver-0.1.jar"
                        }
                    ]
                },
                {
                    "organization" : "org.scala-sbt",
                    "name" : "core-macros_2.12",
                    "version" : "1.2.8",
                    "artifacts" : [
                        {
                            "name" : "core-macros_2.12",
                            "path" : "/home/mrrobot1802/.ivy2/cache/org.scala-sbt/core-macros_2.12/jars/core-macros_2.12-1.2.8.jar"
                        }
                    ]
                },
                {
                    "organization" : "org.scala-sbt",
                    "name" : "scripted-sbt-redux_2.12",
                    "version" : "1.2.8",
                    "artifacts" : [
                        {
                            "name" : "scripted-sbt-redux_2.12",
                            "path" : "/home/mrrobot1802/.ivy2/cache/org.scala-sbt/scripted-sbt-redux_2.12/jars/scripted-sbt-redux_2.12-1.2.8.jar"
                        }
                    ]
                },
                {
                    "organization" : "org.scala-sbt",
                    "name" : "util-scripted_2.12",
                    "version" : "1.2.4",
                    "artifacts" : [
                        {
                            "name" : "util-scripted_2.12",
                            "path" : "/home/mrrobot1802/.ivy2/cache/org.scala-sbt/util-scripted_2.12/jars/util-scripted_2.12-1.2.4.jar"
                        }
                    ]
                },
                {
                    "organization" : "org.scala-sbt",
                    "name" : "scripted-plugin_2.12",
                    "version" : "1.2.8",
                    "artifacts" : [
                        {
                            "name" : "scripted-plugin_2.12",
                            "path" : "/home/mrrobot1802/.ivy2/cache/org.scala-sbt/scripted-plugin_2.12/jars/scripted-plugin_2.12-1.2.8.jar"
                        }
                    ]
                },
                {
                    "organization" : "org.apache.logging.log4j",
                    "name" : "log4j-slf4j-impl",
                    "version" : "2.11.1",
                    "artifacts" : [
                        {
                            "name" : "log4j-slf4j-impl",
                            "path" : "/home/mrrobot1802/.ivy2/cache/org.apache.logging.log4j/log4j-slf4j-impl/jars/log4j-slf4j-impl-2.11.1.jar"
                        }
                    ]
                },
                {
                    "organization" : "com.github.cb372",
                    "name" : "scalacache-caffeine_2.12",
                    "version" : "0.20.0",
                    "artifacts" : [
                        {
                            "name" : "scalacache-caffeine_2.12",
                            "path" : "/home/mrrobot1802/.ivy2/cache/com.github.cb372/scalacache-caffeine_2.12/jars/scalacache-caffeine_2.12-0.20.0.jar"
                        }
                    ]
                },
                {
                    "organization" : "com.github.cb372",
                    "name" : "scalacache-core_2.12",
                    "version" : "0.20.0",
                    "artifacts" : [
                        {
                            "name" : "scalacache-core_2.12",
                            "path" : "/home/mrrobot1802/.ivy2/cache/com.github.cb372/scalacache-core_2.12/jars/scalacache-core_2.12-0.20.0.jar"
                        }
                    ]
                },
                {
                    "organization" : "com.github.ben-manes.caffeine",
                    "name" : "caffeine",
                    "version" : "2.5.6",
                    "artifacts" : [
                        {
                            "name" : "caffeine",
                            "path" : "/home/mrrobot1802/.ivy2/cache/com.github.ben-manes.caffeine/caffeine/jars/caffeine-2.5.6.jar"
                        }
                    ]
                },
                {
                    "organization" : "org.scala-sbt",
                    "name" : "librarymanagement-ivy_2.12",
                    "version" : "1.2.4",
                    "artifacts" : [
                        {
                            "name" : "librarymanagement-ivy_2.12",
                            "path" : "/home/mrrobot1802/.ivy2/cache/org.scala-sbt/librarymanagement-ivy_2.12/jars/librarymanagement-ivy_2.12-1.2.4.jar"
                        }
                    ]
                },
                {
                    "organization" : "org.scala-sbt.ivy",
                    "name" : "ivy",
                    "version" : "2.3.0-sbt-cb9cc189e9f3af519f9f102e6c5d446488ff6832",
                    "artifacts" : [
                        {
                            "name" : "ivy",
                            "path" : "/home/mrrobot1802/.ivy2/cache/org.scala-sbt.ivy/ivy/jars/ivy-2.3.0-sbt-cb9cc189e9f3af519f9f102e6c5d446488ff6832.jar"
                        }
                    ]
                },
                {
                    "organization" : "org.scala-sbt",
                    "name" : "zinc-compile_2.12",
                    "version" : "1.2.5",
                    "artifacts" : [
                        {
                            "name" : "zinc-compile_2.12",
                            "path" : "/home/mrrobot1802/.ivy2/cache/org.scala-sbt/zinc-compile_2.12/jars/zinc-compile_2.12-1.2.5.jar"
                        }
                    ]
                }
            ]
        }
    }
}